PDB,Tem Mutação,Mutações,Mutação no pocket,Missing residues,Posição residuos faltantes,Missing data | Pocket,Número de cadeias: protein.pdb,Global Stoichiometry,Small Molecules,Metals | Pocket,Membrane Protein
1a30,Yes,7-33-63: Chain A and B - Erro na seq,Não sei ,Não,Empty,Não,2,,,,
1bcu,No,Empty,Empty,Sim,15 | 147-148-149 | 218,Sim,1,,,,
1bzc,Yes,72,Não sei ,Não,,Não,1,,,,
1c5z,No,Empty,Empty,Sim,218,Não,1,,,,
1e66,No,Empty,Empty,Não,Empty,Não,2,,,,
1eby,No,Empty,Empty,Não,Empty,Não,2,,,,
1g2k,No,Empty,Empty,Não,Empty,Não,2,,,,
1gpk,No,Empty,Empty,Sim, 0-1-2-3 | 86-87-88,Não,1,,,,
1gpn,No,Empty,Empty,Sim,488-489-490,Não,1,,,,
1h22,No,Empty,Empty,Sim,486-487-488-489,Não,1,Homo 2-mer ,,,
1h23,No,Empty,Empty,Sim,486-487-488-489,Não,1,Homo 2-mer - A2 ,,,
1k1i,No,Empty,Empty,Sim,26 | 35-36 | 68 | 205-206-208 | 218,Sim,1, Monomer - A1 ,CA-1,Não,
1lpg,No,Empty,Empty,Sim,146 | 218,Sim,1, Monomer - A1 ,CA-1,Não,
1mq6,No,Empty,Empty,Sim,148 | 219,Sim,2,Hetero 2-mer - A1B1,CA-1,Não,
1nc1,No,Empty,Empty,Não,Empty,Não,2,Homo 2-mer - A2 ,,,
1nc3,No,Empty,Empty,Não,Empty,Não,2,Homo 2-mer - A2 ,,,
1nvq,No,Empty,Empty,Sim,44-45-46-47-48-49,Não,1,Hetero 2-mer - A1B1,,,
1o0h,No,Empty,Empty,Não,Empty,Não,1, Monomer - A1 ,,,
1o3f,No,Empty,Empty,Sim,34-35-36 | 67-68 | 126,Sim,1,Monomer - A,,,
1o5b,Yes,145-190,Não sei ,Não,Empty,Não,1, Hetero 2-mer - A1B1,,,
1owh,No ,Empty,Empty,Sim,24-26 | 33-35 | 40-42 | 45-47 | 64-66 | 75-77 | 165,Não,1,Monomer - A1,,,
1oyt,Yes,1,Não sei ,Sim,148-149 | 218,Sim,2,Hetero 3-mer - A1B1C1,CA -1,Não,
1p1n,Yes,138,Não sei ,Não,Empty,Não,2,Homo 2-mer - A2 ,,,
1p1q,Yes,138,Não sei ,Não,Empty,Não,2,Homo 2-mer - A2 ,3 ZN,Não,
1ps3,No,Empty,Empty,Não,Empty,Não,1,Monomer - A1,1 ZN - Pocket,Sim,
1pxn,No,Empty,Empty,Sim,37-38-40,Não,1, Monomer - A1 ,,,
1q8t,Yes,10-197-338,Não sei ,Não,Empty,Não,2,Hetero 2-mer - A1B1,SEP-1 - TPO-1,,
1q8u,Yes,10-197-338,Não sei ,Não,Empty,Não,2,Hetero 2-mer - A1B1 ,SEP 1 | SEP - 2 ,,
1qf1,No,Empty,Empty,Não,Empty,Não,1,Monomer - A1 ,CA - (2-3-4-5) | ZN-1,Sim,
1qkt,Yes,78-114-227,Não sei ,Não,Empty,Não,2,Homo 2-mer - A2 ,,,
1r5y,No,Empty,Empty,Não,Empty,Não,2,Homo 2-mer - A2 ,,,
1s38,No,Empty,Empty,Sim,112-113-114| 126-127-128-129-130,Não,1,Homo 2-mer - A2 ,ZN-1,Não,
1sqa,No,Empty,Empty,Sim,24-26|49-40| 64-66|75-77,Não,1,Monomer - A1,,,
1syi,Yes,190,Não sei ,Não,Empty,Não,2,Homo 2-mer - A2 ,,,
1u1b,No,Empty,Empty,Não,Empty,Não,1,Monomer - A1,,,
1uto,No,Empty,Empty,Sim,36-36|68|26-131|205-206-207-208-209,Não *,1,Monomer - A1,CA-1,Não,
1vso,No,Empty,Empty,Sim, 65-66-67-68-69 | 165-166 ,Não,2,Homo 2-mer - A2 ,,,
1w4o,No,Empty,Empty,Não,Empty,Não,1,Monomer - A1,,,
1y6r,No,Empty,Empty,Não,Empty,Não,2,Homo 2-mer - A2 ,,,
1yc1,No,Empty,Empty,Não,Empty,Não,1, Monomer - A1 ,,,
1ydr,Yes,197-338,Não sei ,Não,Empty,Não,2 ou nsd mol?, Hetero 2-mer - A1B1 ,TPO-197|SEP-338|*,,
1ydt,Yes,197-338,Não sei ,Não,Empty,Não,,Hetero 2-mer - A1B1 ,,,
1z6e,No,Empty,Empty,Sim,148|219,Sim,2,Hetero 2-mer - A1B1,,,
1z95,Yes,70,Não sei ,Sim,844-845-846-847-848-849-850-851,Não,1,Monomer - A1,,,
1z9g,No,Empty,Empty,Não,Empty,Não,1,Monomer - A1 ,CA-1|CA-2|CA-3|CA-4,Sim,
2al5,No,Empty,Empty,Não,Empty,Não,2,Homo 2-mer - A2 ,,,
2br1,No,Empty,Empty,Sim,45-46-47,Não,1,Monomer - A1,,,
2brb,No,Empty,Empty,Sim,45-46-47,Não,1,Monomer - A1,,,
2c3i,Yes,250,Não sei ,Sim,80-81-82,Não,1,Hetero 2-mer - A1B1,,,
2cbv,No,Empty,Empty,Sim,233,Não,1,Monomer - A1,,,
2cet,No,Empty,Empty,Sim,232-233-234-235-236 | 305-306-307,Não,1,Monomer - A1 ,,,
2fvd,No,Empty,Empty,Sim,36:49|150:151,Não,1,Monomer - A1,,,
2fxs,No,Empty,Empty,Não,Empty,Não,1,Monomer - A1,,,
2hb1,No,Empty,Empty,Não,Empty,Não,1,Monomer - A1 ,,,
2iwx,No,Empty,Empty,Não,Empty,Não,1,Monomer - A1,,,
2j78,No,Empty,Empty,Sim,307,Não,1,Monomer - A1 ,CA-1:CA-2,Não,
2j7h,No,Empty,Empty,Sim,232-233-234-235|307,Não,1,Monomer - A1,CA-1,Não,
2p15,Yes,241,Não sei ,Sim,332-333-334|432-433-434,Não,2,Hetero 4-mer - A2B2,,,
2p4y,No,Empty,Empty,Sim,(238:244 | 255:278|454:465) Chain 1:,Não,2,Homo 2-mer - A2 ,,,
2pog,Yes,78-114-227,Não sei ,Sim,(331:340 | 462-463) (530-533 | 332:339),Não,2,Homo 2-mer - A2 ,,,
2qbp,No,Empty,Empty,Não,Empty,Não,1,Monomer - A1,,,
2qbq,No,Empty,Empty,Não,Empty,Não,1, Monomer - A1 ,,,
2qbr,No,Empty,Empty,Não,Empty,Não,1,Monomer - A1,,,
2qe4,Yes,Empty,Empty,Sim,(331:340 | 461:471) (331:340 | 462:472) ,Não,2,Homo 2-mer - A2 ,,,
2qnq,No,Empty,Empty,Não,Empty,Não,2,Homo 2-mer - A2 ,,,
2r9w,No,Empty,Empty,Não,Empty,Não,1,Monomer - A1 ,"UNK, (R blue)",,
2v00,No,Empty,Empty,Não,Empty,Não,1,Monomer - A1,,,
2v7a,Yes,89,Não sei ,Não,Empty,Não,1,Monomer - A1,"MG-1, PTR-393",Sim,
2vkm,No,Empty,Empty,Não,Empty,Não,1,Monomer - A1 ,,,
2vvn,No,Empty,Empty,Sim,595:604 | 619:630 | 649:678 | 695:707,Não,1,Monomer - A1,,,
2vw5,No,Empty,Empty,Não,Empty,Não,1,Monomer - A1,,,
2w4x,No,Empty,Empty,Sim,47-48-49-50-51-52-53,Não,1, Monomer - A1 ,,,
2w66,No,Empty,Empty,Sim,596:603 | 619:630 | 649: 678| 695:708,Não,1,Monomer - A1 ,CA-1,Não,
2wbg,No,Empty,Empty,Não,Empty,Não,2,Homo 2-mer - A2 ,,,
2wca,No,Empty,Empty,Sim,47-48-49-50-52-52-53,Não,1,Monomer - A1 ,CA-1,Não,
2weg,No,Empty,Empty,Sim,26,Não,1,Monomer - A1,ZN,Sim,
2wer,Yes,35,Não sei ,Não,Empty,Não,2,Homo 2-mer - A2,,,
2wn9,No,Empty,Empty,Sim,"D,F (18:20) | F(188:191)| ",Não,5,Homo 5-mer - A5 ,,,
2wnc,No,Empty,Empty,Não,Empty,Não,5,Homo 5-mer - A5 ,,,
2wtv,Yes,97-99-102,Não sei ,Sim,290,Não,1,Monomer - A1,TPO -287-288,Não,
2wvt,No,Empty,Empty,Não,Empty,Não,2,Homo 2-mer - A2 ,,,
2x00,No,Empty,Empty,Não,Empty,Não,5,Homo 5-mer - A5 ,,,
2xb8,No,Empty,Empty,Não,Empty,Não,12,Homo 12-mer - A12 ,,,
2xbv,Yes,138,Não sei ,Sim,91|101:106|146|218,Não *,2,Hetero 2-mer - A1B1,CA-1,Não,
2xdl,No,Empty,Empty,Não,Empty,Não,2,Homo 2-mer - A2 ,,,
2xii,No,Empty,Empty,Não,Empty,Não,1,Monomer - A1 ,,,
2xj7,No,Empty,Empty,Sim,(458| 596:605|619:630|647:679)| (596:604|618:631|646:682|693:708),Não,2,Homo 2-mer - A2,,,
2xnb,No,Empty,Empty,Sim,41-42,Não,1,Monomer - A1,,,
2xys,No,Empty,Empty,Não,Empty,Não,5,Homo 5-mer - A5 ,,,
2y5h,Yes,138,Não sei ,Não,Empty,Não,2,Hetero 2-mer - A1B1,,,
2yfe,No,Empty,Empty,Sim,267:33:00,Sim,1,Monomer - A1,,,
2yge,Yes,44-98,Não sei ,Nâo,Empty,Não,1,Monomer - A1,,,
2yki,No,Empty,Empty,Nâo,Empty,Não,1,Monomer - A1,,,
2ymd,Yes,53,Não sei ,Não,Empty,Não,10,Homo 10-mer - A10 ,,,
2zb1,No,Empty,Empty,Não,Empty,Não,1,Monomer - A1,,,
2zcq,No,Empty,Empty,Não,Empty,Não,1,Monomer - A1 ,"MG-1,MG-2",Sim,
2zcr,No,Empty,Empty,Sim,53-54:55,Não,1,Monomer - A1 ,MG-1,Sim,
2zda,No,Empty,Empty,Sim,148:149 | 218,Não *,2,Hetero 3-mer - A1B1C1,,,
2zy1,No,Empty,Empty,Sim,52:56:00,Não,1,Monomer - A1 ,,,
3acw,No,Empty,Empty,Não,Empty,Não,1,Monomer - A1,,,
3ag9,No,Empty,Empty,Não,316-317:334,Sim,1,Monomer - A1,SEP-TPO,,
3ao4,Yes,7-74-75-78-82-90-136,Não sei ,Sim,139:150 | 139:151 | 189:193 | ,Não,2,Homo 2-mer - A2,,,
3arp,No,Empty,Empty,Não,Empty,Não,1,Monomer - A1 ,,,
3arq,No,Empty,Empty,Não,Empty,Não,1,Monomer - A,,,
3aru,Yes,254,Não sei ,Não,Empty,Não,1,Monomer - A1,,,
3arv,No,Empty,Empty,Não,Empty,Não,1,Monomer - A1,,,
3ary,No,Empty,Empty,Não,Empty,Não,1,Monomer - A1,,,
3b1m,No,Empty,Empty,Sim,263-264:274,Sim,1,Hetero 2-mer - A1B1 *,,,
3b27,No,Empty,Empty,Não,Empty,Não,1,Monomer - A1,,,
3b5r,No,Empty,Empty,Não,Empty,Não,1,Monomer - A,,,
3b65,No,Empty,Empty,Não,Empty,Não,1,Monomer - A1,,,
3b68,No,Empty,Empty,Não,Empty,Não,1,Monomer - A1 ,,,
3bgz,No,Empty,Empty,Sim,80:84,Não,1,Monomer - A1,SEP-261,,
3bv9,Yes,73,Não sei ,Sim,218,Sim,2, Hetero 2-mer - A1B1 ,,,
3cj4,No,Empty,Empty,Sim,149:153,Não,1,Monomer - A1,,,
3coy,Yes,3-78,Não sei ,Sim,Chain A: (75:80 | 261:262) Chain B: (73:80),Sim,2,Homo 2-mer - A2 ,,,
3coz,Yes,3-78,Não sei ,Sim,Chain B: (73:81),Não,2,Homo 2-mer - A2,,,
3d4z,No,Empty,Empty,Não,Empty,Não,1,Monomer - A1,ZN-1,Sim,
3d6q,No,Empty,Empty,Não,Empty,Não,1,Monomer - A1 ,,,
3dd0,No,Empty,Empty,Sim,126,Não,1,Monomer - A1,ZN-1,Sim,
3dx1,No,Empty,Empty,Não,Empty,Não,1,Monomer - A1,ZN-1,Sim,
3dx2,No,Empty,Empty,Não,Empty,Não,1,Monomer - A1,ZN-1,Sim,
3dxg,No,Empty,Empty,Não,Empty,Não,1,Monomer - A1,,,
3e5a,No,Empty,Empty,Sim,22:25,Não,2,Hetero 2-mer - A1B1,TPO-288,,
3e92,No,Empty,Empty,Sim,173,Não * ,1,Monomer - A1,CSO-162,,
3e93,No,Empty,Empty,Sim,172-174,Não * ,1,Monomer - A1,CSO-162,,
3ebp,No,Empty,Empty,Sim,Chain A:(255:260|215:223) Chain B: (255:260|215:223),Não,2,Homo 2-mer - A2 ,LLP-680,,
3ehy,Yes,66,Não sei ,Não,Empty,Não,1,Monomer - A1 ,ZN-1|ZN-2|CA-1|CA-2|CA-3|,Sim,
3ejr,No,Empty,Empty,Não,Empty,Não,1,Monomer - A1,ZN-1,Sim,
3f3a,No,Empty,Empty,Sim,Chain A (132:134) | Chain B (132:134),Não,2, Homo 2-mer - A2,,,Yes
3f3c,No,Empty,Empty,Sim,Chain A  (133:134),Não,2,Homo 2-mer - A2,,,Yes
3f3d,No,Empty,Empty,Sim,Chain A (133:134) | Chain B (133:134),Não,2,Homo 2-mer - A2 ,,,Yes
3f3e,No,Empty,Empty,Sim,Chain A (133:134) | Chain B (133:134),Não,2,Homo 2-mer - A2 ,,,Yes
3fcq,Yes,37-119,Não sei ,Não,Empty,Não,1,Monomer - A1,"ZN, CA, CA, CA, CA",Sim,
3fur,No,Empty,Empty,Sim,259:274,Sim,1,Hetero 2-mer - A1B1 *,,,
3fv1,No,Empty,Empty,Sim,530:599 | 602:551,Não,1,Monomer - A1,,,
3fv2,No,Empty,Empty,Sim,530:599 | 602:551,Não,1,Monomer - A1 ,,,
3g0w,No,Empty,Empty,Não,Empty,Não,1,Monomer - A1,,,
3g2n,No,Empty,Empty,Sim,318:323 | 255:257,Não,1,Monomer - A1 ,,,
3g2z,No,Empty,Empty,Sim,58-239-253,Não *,1,Monomer - A1,,,
3g31,No,Empty,Empty,Sim,58-239-253,Não,1,Monomer - A1,,,
3gbb,No,Empty,Empty,Não,Empty,Não,1,Monomer - A1 ,,,
3gc5,No,Empty,Empty,Sim,Chain A (113 | 127:130) Chain B (113 | 127:130) ,Não,2,Homo 2-mer - A2 ,"ZN-1, ZN-2",Não,
3ge7,No,Empty,Empty,Sim,Chain A (110:114 | 125:133) Chain B (110:114 | 125:133),Não *,2,Homo 2-mer - A2,"ZN-1, ZN-2",Não,
3gnw,No,Empty,Empty,Sim,150:152,Não,1,Monomer - A1 ,,,
3gr2,No,Empty,Empty,Não,Empty,Não,1,Monomer - A1,,,
3gv9,No,Empty,Empty,Não,Empty,Não,1,Monomer - A1,,,
3gy4,No,Empty,Empty,Sim,35:36 | 68 | 126 | 131 | 205:208 | 218, Não * ,1,Monomer - A1,CA-1,Não,
3ivg,Yes,2-77,Não sei ,Sim,273:284,Sim,2,Homo 2-mer - A2 ,,,
3jvr,No,Empty,Empty,Sim,18:21 |43:49| 77:78 ,Não,1,Monomer - A1,,,
3jvs,No,Empty,Empty,Sim,18:21 | 42:50 | 77:78 ,Não,1,Monomer - A1 ,,,
3jya,No,Empty,Empty,Sim,Empty,Não,1,Monomer - A1,,,
3k5v,No,Empty,Empty,Não,Empty,Não,1,Monomer - A1,,,
3kgp,Yes,121-144,Não sei ,Sim,218,Sim * ,1,Monomer - A1,,,
3kr8,No,Empty,Empty,Sim,112:115,Não,1,Monomer - A1,ZN,Não,
3kwa,No,Empty,Empty,Sim,126,Não,1,Monomer - A1 ,ZN,Sim,
3l7b,No,Empty,Empty,Sim,Chain A (255:260 | 315:324 ) Chain B (255:260 | 315:324 ) ,Não,2,Homo 2-mer - A2 ,"Chain A,B (LLP-680)",,
3lka,Yes,66,Não sei ,Não,Empty,Não,1,Monomer - A1 ,ZN-1 ZN-2 CA-1 CA-2 CA-3 ,Sim,
3mss,No,Empty,Empty,Sim,229:231 | 274:279,Não,1,Monomer - A1 ,,,
3myg,No,Empty,Empty,Sim,281:291,Não,1,Monomer - A1 ,,,
3n76,No,Empty,Empty,Não,Empty,Não,12,Homo 12-mer - A12 ,,,
3n7a,No,Empty,Empty,Sim,21:24,Não,12,Homo 12-mer - A12 ,,,
3n86,No,Empty,Empty,Não,Empty,Não,12,Homo 12-mer - A12,,,
3nq9,No,Empty,Empty,Não,Empty,Não,1,Monomer - A1 ,,,Yes
3nw9,No,Empty,Empty,Não,Empty,Não,1,Monomer - A1,MG-1,Sim,
3nx7,Yes,66,Não sei ,Não,Empty,Não,1,Monomer - A1,ZA-1 ZA-2 CA-1 CA-2 CA-3 ,Sim,
3o9i,Yes,7,Não sei ,Não,Empty,Não,2,Homo 2-mer - A2,,,
3oe4,Yes,91-95,Não sei ,Não,Empty,Não,1,Monomer - A1,MG-1,Sim,
3oe5,Yes,91-95,Não sei ,Não,Empty,Não,1,Monomer - A1,MG-1,Sim,
3ozs,Yes,91-95,Não sei,Não,Empty,Não,1,Monomer - A1,MG-1,Sim,
3ozt,Yes,91-95,Não sei,Não,Empty,Não,1,Monomer - A1,MG-1,Sim,
3p5o,No,Empty,Não ,Não,Empty,Não,1,Monomer - A1 ,,,
3prs,No,Empty,Não ,Não,Empty,Não,1,Monomer - A1,,,
3pww,No,Empty,Não,Não,Empty,Não,1,Monomer - A1,,,
3pxf,No,Empty,Não,Não,Empty,Não,1,Monomer - A1,,,
3pyy,No,Empty,Não,Sim,293:297,Não,1,Monomer - A1,,,
3qgy,No,Empty,Não,Sim,503:520,Sim,1,Monomer - A1,,,
3qqs,No,Empty,Não,Não,Empty,Não,1,Homo 2-mer - A2 *,"MG-1, MG-2",Não,
3r88,No,Empty,Não,Sim,332:334,Não,2,Homo 2-mer - A2 ,"MG-1, MG-2, MG-3, MG-4",Não,
3rlr,No,Empty,Não,Não,Empty,Não,1,Monomer - A1 ,,,
3rr4,No,Empty,Não,Sim,Chain A (113|128:130 ) and Chain B (113|128:130),Não,2,Homo 2-mer - A2 ,"ZN-1, ZN-2",Não,
3rsx,Yes,15,Não sei,Sim,258:266 | 272:274,Não,1, Monomer - A1 ,,,
3ryj,No,Empty,Não,Sim,126,Não,1,Monomer - A1,ZN-1,Não,
3syr,No,Empty,Não,Sim,Chain A (252:260| 315:323) and Chain B (252:260| 315:323),Não,2,Homo 2-mer - A2 ,LLP-680,,
3tsk,Yes,67,Não sei,Não,Empty,Não,1,Monomer - A1,ZN-1 ZN-2 CA-1 CA-2 CA-3,Sim,
3twp,No,Empty,Não,Não,Empty,Não,1,Homo 2-mer - A2 * ,"MG-1, MG-2",Não,
3u5j,No,Empty,Não,Não,Empty,Não,1,Monomer - A1 ,,,
3u8k,No,Empty,Não,Sim,Chain B (156:160) Chain C (158:159)  Chain D (156:160)   Chain E (156:158)  ,Não,5,Homo 5-mer - A5 ,,,
3u8n,No,Empty,Não,Sim,Chain A (157:159) | Chain B (156:157) | Chain D (156:158),Não,5,Homo 5-mer - A5 ,,,
3u9q,No,Empty,Não,Sim,263:274,Não,1,Hetero 2-mer - A1B1 *,,,
3udh,No,Empty,Não,Sim,158:164,Não,1,Monomer - A1 ,"FVE -1, ZN-1",Não,
3ueu,No,Empty,Não,Sim,Chain A (110:115) Chain B (110:115),Não * ,2,Homo 2-mer - A2 ,,,
3uev,No,Empty,Não,Sim,Chain A (110:113) Chain B (110:113),Não * ,2,Homo 2-mer - A2,,,
3uew,No,Empty,Não,Sim,Chain A (110:114) Chain B (110:114),Não * ,2,Homo 2-mer - A2,,,
3uex,No,Empty,Não,Sim,Chain A (110:112) Chain B (110:112),Não * ,2,Homo 2-mer - A2,,,
3ui7,No,Empty,Não,Não,Empty,Não,1,Monomer - A1 ,"MG-1, ZN-1",Sim,
3uo4,Yes,165,Não sei,Não,Empty,Não,1,Monomer - A1,,,
3up2,Yes,165,Não sei,Não,Empty,Não,1,Monomer - A1,,,
3uri,No,Empty,Não,Sim,54,Não,1,Hetero 2-mer - A1B1 ,,,
3utu,No,Empty,Não,Não,149:147 | 218,Não,2,Hetero 3-mer - A1B1C1 *,"NA-1, NA-2",Não,
3uuo,No,Empty,Não,Não,Empty,Não,1, Monomer - A1 ,"MG-1, ZN-1",Sim,
3wtj,No,Empty,Não,Não,Empty,Não,2,Homo 5-mer - A5 ,,,
3wz8,No,Empty,Não,Não,Empty,Não,1,Monomer - A1,,,
3zdg,No,Empty,Não,Sim,Chain K (156:160) Chain L (156:160) Chain M (156:160) Chain N (156:162) Chain Q (156:160),Não,5,Homo 5-mer - A5 ,,,
3zso,Yes,11-94-140,Não sei,Sim,Chain A (189:192) Chain B (189:192),Não,2,Homo 2-mer - A2,,,
3zsx,Yes,11-94-140,Não sei,Sim,Chain A (189:192) Chain B (189:192),Não,2,Homo 2-mer - A2,,,
3zt2,Yes,11-94-140,Não sei,Sim,Chain A (189:192) Chain B (189:192),Não,2, Homo 2-mer - A2,,,
4abg,No,Empty,Não,Sim,35:36 | 53 | 68 | 205:208 | 126 | 131 | 218,Não * ,1, Monomer - A1 ,CA -1,Não,
4agn,Yes,40-110-127-146-175,Não sei,Não,Empty,Não,1, Monomer - A1 ,ZN-1,Não,
4agp,Yes,40-110-127-146-175,Não sei,Não,Empty,Não,1, Monomer - A1 ,ZN-1,Não,
4agq,Yes,40-110-127-146-175,Não sei,Não,Empty,Não,1,Monomer - A1,ZN-1,Não,
4bkt,No,Empty,Não,Sim,Chain A (89) | Chain B (48:56) Chain C (77| 143:144),Não,3,Hetero 3-mer - A1B1C1 ,"CAS-1, CAS-2",,
4cig,Yes,127| 110 | 156 ,Não sei,Sim,Chain  A (188:192) Chain  B (188:192) ,Não,2,Homo 2-mer - A2 ,,,
4ciw,No,Empty,Não,Não,Empty,Não,12,Homo 12-mer - A12,(36 x NA) | ,Não,
4cr9,Yes,65 | 68 | 113,Não sei,Sim,Chain A (49:50| 120 | 150| 199:200| 205:208) Chain B (49:50|120| 150 | 199:200 | 205:208),Não,2,Homo 2-mer - A2,,,
4cra,Yes,65 | 68 | 106 | 113,Não sei,Sim,49:50 | 150 | 120 | 199:200| 205:208,Não,1,Monomer - A1,,,
4crc,Yes,65 | 68 | 106 | 113,Não sei,Sim,49:50 | 150 |120 | 199:200| 205:208,Não,1,Monomer - A1 ,,,
4ddh,Yes,2 | 77,Não sei,Sim,Chain B (74:82),Não,2,Homo 2-mer - A2 ,,,
4ddk,Yes,2 | 77,Não sei,Sim,Chain B (76:81),Não,2,Homo 2-mer - A2 ,,,
4de1,No,Empty,Não,Sim,58 | 239 | 253,Não,1,Monomer - A1,PCA,,
4de2,No,Empty,Não,Sim,58 ,Não,1, Monomer - A1 ,,,
4de3,No,Empty,Não,Sim, | 58 | 239 |253 ,Não,1,Monomer - A1,,,
4djv,No,Empty,Não,Não,Empty,Não,1,Monomer - A1,,,
4dld,No,Empty,Não,Não,Empty,Não,2,Homo 2-mer - A2,,,
4dli,No,Empty,Não,Sim,33:34 | 118:119 | 171 : 182 ,Não,1,Monomer - A1,,,
4e5w,No,Empty,Não,Sim,Chain A (912:916 | 947:949) Chain B (912:916 | 947:949),Não,2,Homo 2-mer - A2 ,"PTR-1, PTR-2",,
4e6q,Yes,19 | 97 | 105 |,Não sei,Não,Empty,Não,1,Monomer - A1,"PTR-1, PTR-2",,
4ea2,No,Empty,Não,Sim,53:55,Não,1,Monomer - A1 ,MG,Sim,
4eky,No,Empty,Não,Sim,Chain A (255:260 | 315:323) Chain B (255:260 | 315:323),Não,2,Homo 2-mer - A2 ,,,
4eo8,Yes,336| 345| 551,Não sei,Sim,149:153,Não,1,Monomer - A1,,,
4eor,No,Empty,Não,Sim,Chain A (38:41),Não,2,Hetero 2-mer - A1B1,TPO-1,,
4f09,No,Empty,Não,Não,Empty,Não,1,Monomer - A1,"PTR-1, PTR-2",,
4f2w,No,Empty,Não,Não,Empty,Não,2,Homo 2-mer - A2 ,,,
4f3c,No,Empty,Não,Não,Empty,Não,2,Homo 2-mer - A2,,,
4f9w,No,Empty,Não,Sim,171:183,Sim,1,Monomer - A1 ,ZN-1,Não,
4gfm,No,Empty,Não,Não,Empty,Não,1,Monomer - A,"PTR-1, PTR-2",,
4gid,No,Empty,Não,Não,Empty,Não,1,Monomer - A1 ,,,
4gkm,No,Empty,Não,Não,Empty,Não,2,Homo 2-mer - A2 ,4 x (MG),Não,
4gr0,Yes,67,Não,Não,Empty,Não,1,Monomer - A1 ,2 x (ZN) | 3 x (CA) ,Não,
4hge,No,Empty,Não,Sim,920:923,Não,1, Monomer - A1 ,"PTR-1, PTR-2",,
4ih5,No,Empty,Não,Sim,149:153,Não,1,Monomer - A1 ,,,
4ih7,No,Empty,Não,Sim,149:153,Não,1,Monomer - A1,ZN,Não,
4ivb,No,Empty,Não,Sim,913:917 | 947:950,Não,1,Monomer - A1 ,"PTR-1, PRT-2",,
4ivc,No,Empty,Não,Sim,913:917| 947:950 | ,Não,1,Monomer - A1 ,"PTR-1, PRT-2",,
4ivd,No,Empty,Não,Sim,913:917| 947:950 | ,Não,1,Monomer - A1 ,"PTR-1, PRT-2",,
4j21,,,,,,,,,,,
4j28,No,Empty,Não,Não,Empty,Não,1,Monomer - A1 ,,,
4j3l,No,Empty,Não,Sim,1113:1015,Sim * ,1,Monomer - A1 ,ZN,Não,
4jfs,No,Empty,Não,Não,Empty,Não,1,Monomer - A1 ,,,
4jia,No,Empty,Não,Não,Empty,Não,1,Monomer - A1,"PTR-1, PRT-2",,
4jsz,Yes,94,Não sei,Sim,126,Não,1,Monomer - A1 ,ZN,Não,
4jxs,No,Empty,Não,Não,Empty,Não,1,Monomer - A1,,,
4k18,No,Empty,Não,Não,Empty,Não,1,Monomer - A1,,,
4k77,No,Empty,Não,Sim, 912:216 | 946:949 ,Não,1,Monomer - A1 ,"PTR-1, PRT-2",,
4kz6,No,Empty,Não,Não,Empty,Não,1,Monomer - A1,,,
4kzq,No,Empty,Não,Não,Empty,Não,2,Hetero 2-mer - A1B1 ,ZN,Não,
4kzu,No,Empty,Não,Não,Empty,Não,2,Hetero 2-mer - A1B1 ,ZN,Não,
4llx,No,Empty,Não,Não,Empty,Não,1,Monomer - A1 ,,,
4lzs,No,Empty,Não,Não,Empty,Não,1,Monomer - A1,,,
4m0y,No,Empty,Não,Não,Empty,Não,1,Monomer - A1 ,,,
4m0z,No,Empty,Não,Não,Empty,Não,1,Monomer - A1,,,
4mgd,Yes,240,Não sei,Sim,Chain A (417:418| 462:473) Chain B (462:473),Não,2,Hetero 4-mer - A2B1C1 ,"CSO-1, CSO-2 ",,
4mme,Yes,21-24-254-256-359,Não sei,Sim,132:134,Não,1,Monomer - A1,"NA-1, NA-2",Não,Yes
4ogj,No,Empty,Não,Não,Empty,Não,1,Monomer - A1,,,
4owm,No,Empty,Não,Sim,142:143,Não,2,Homo 2-mer - A2,4 x (MG),Não,
4pcs,No,Empty,Não,Não,Empty,Não,1,Monomer - A1,,,
4qac,No,Empty,Não,Sim,Chain A (156:159) Chain B (157:158) Chain C (156:160) Chain D (156:159) Chain E (156),Não,5,Homo 5-mer - A5,,,
4qd6,Yes,158,Não,Sim,394:398 | 505:520,Não * ,1,Monomer - A1,,,
4rfm,Yes,123-260-263,Não sei,Sim,506:519,Não * ,1,Monomer - A1,,,
4tmn,No,Empty,Não,Não,Empty,Não,2,Monomer - A1 ,8 x CA | 2 x ZN,Sim,
4twp,Yes,83,Não sei,Sim,274:278,Não,1,Monomer - A1 ,"NA-1, NA-2",Não,
4ty7,Yes,104-106,Não sei,Sim,144,Não * ,1,Monomer - A1,,,
4u4s,Yes,94,Não sei,Sim,Chain A (509:631 | 770:771) Chain B (509:631) ,Não,2,Homo 2-mer - A2,,,
4w9c,No,Empty,Não,Sim,Chain A (60 | 89 ) Chain B (44:57) Chain C (77),Não **,3,Hetero 3-mer - A1B1C1,3 x CAS,Não,
4w9h,No,Empty,Não,Sim,Chain A (60 | 89) Chain B (48:57) Chain C (77),Não **,3,Hetero 3-mer - A1B1C1 ,4 x CAS,Não,
4w9i,No,Empty,Não,Sim,Chain A (60 | 89) Chain B (48:57) Chain C (77),Não **,3,Hetero 3-mer - A1B1C1,3 x CAS,Não,
4w9l,No,Empty,Não,Sim,Chain A (60 | 89) Chain B (48:57) Chain C (77),Não **,3,Hetero 3-mer - A1B1C1 ,3 x CAS,Não,
4wiv,No,Empty,Não,Sim,144,Não,1,Monomer - A1,,,
4x6p,Yes,113,Não sei,Sim,144,Não,1,Monomer - A1,,,
5a7b,Yes,40-110-127-146-175,Não sei,Não,Empty,Não,1,Monomer - A1,ZN-1,Não,
5aba,Yes,40-110-127-146-175,Não,Não,Empty,Não,1,Monomer - A,ZN-1,Não,
5c28,No,Empty,Não,Não,Empty,Não,1,Monomer - A,"MG-1, ZN-1",Sim,
5c2h,No,Empty,Não,Não,Empty,Não,1,Monomer - A,"MG-1, ZN-1",Sim,
5dwr,No,Empty,Não,Não,Empty,Não,1,Monomer - A,SEP-1,,
5tmn,No,Empty,Não,Não,Empty,Não,1,Monomer - A,8 x CA | 2 x ZN,Sim,